PERF_DSR_GENSPEEDPATH_SEP, CTP_B787_PERF_DSR_GENSPDPATH
PERF_DSR_GENSPEEDPATH_SEP, CTP_B787_PERF_DSR_GENSPDPATH
PERF_DSR_GENSPEEDPATH_SEP, CTP_B787_PERF_DSR_GENSPDPATH
PERF_DSR_GENSPEEDPATH_SEP, CTP_B787_PERF_DSR_GENSPDPATH
PERF_DSR_GENSPEEDPATH_SEP, CTP_B787_PERF_DSR_GENSPDPATH
PERF_DSR_GENSPEEDPATH_SEP, CTP_B787_PERF_DSR_GENSPDPATH
PERF_DSR_GENSPEEDPATH_SEP, CTP_B787_PERF_DSR_GENSPDPATH
PERF_DSR_GENSPEEDPATH_SEP, CTP_B787_PERF_DSR_GENSPDPATH
PERF_DSR_GENSPEEDPATH_SEP, CTP_B787_PERF_DSR_GENSPDPATH
PERF_AERO_TKO_BALANCED_FIELD_SEP, CTP_B787_PERF_TKO_BALFLD
PERF_AERO_TKO_BALANCED_FIELD_SEP, CTP_B787_PERF_TKO_BALFLD
PERF_AERO_TKO_BALANCED_FIELD_SEP, CTP_B787_PERF_TKO_BALFLD
PERF_AERO_TKO_BALANCED_FIELD_SEP, CTP_B787_PERF_TKO_BALFLD
PERF_AERO_TKO_BALANCED_FIELD_SEP, CTP_B787_PERF_TKO_BALFLD
PERF_AERO_TKO_BALANCED_FIELD_SEP, CTP_B787_PERF_TKO_BALFLD
PERF_AERO_TKO_BALANCED_FIELD_SEP, CTP_B787_PERF_TKO_BALFLD
PERF_AERO_TKO_BALANCED_FIELD_SEP, CTP_B787_PERF_TKO_BALFLD
PERF_AERO_TKO_BALANCED_FIELD_SEP, CTP_B787_PERF_TKO_BALFLD
PERF_AERO_TKO_BALANCED_FIELD_SEP, CTP_B787_PERF_TKO_BALFLD
PERF_AERO_TKO_BALANCED_FIELD_SEP, CTP_B787_PERF_TKO_BALFLD
PERF_AERO_TKO_BAL_FLD_INTEG_SEP, CTP_B787_PERF_TKO_BALFLD
PERF_DES_PKG, CTP_B787_PERF_DES_PRED
PERF_DES_PKG, CTP_B787_PERF_DES_PRED
PERF_DES_PKG, CTP_B787_PERF_DES_PRED
PERF_DES_PKG, CTP_B787_PERF_DES_PRED
PERF_DES_PKG, CTP_B787_PERF_DES_PRED
PERF_DES_PKG, CTP_B787_PERF_DES_PRED
PERF_DES_PREDEXEC_SEP, CTP_B787_PERF_DES_PRED
PERF_DES_PREDEXEC_SEP, CTP_B787_PERF_DES_PRED
PERF_DES_PREDEXEC_SEP, CTP_B787_PERF_DES_PRED
